{
  "timestamp": "2026-04-24T11:01:49.327221Z",
  "channels": {
    "ch1": 15644.86499890329,
    "ch2": 29177.037825423056,
    "ch3": 20488.218779280367,
    "ch4": 42177.77715483375
  },
  "coincidences": {}
}