{
  "timestamp": "2026-04-24T10:49:36.643370Z",
  "channels": {
    "ch1": 36900.95798223981,
    "ch2": 97270.58132958318,
    "ch3": 40460.83888524817,
    "ch4": 52996.542183564314
  },
  "coincidences": {}
}