{
  "timestamp": "2026-04-24T11:02:11.537285Z",
  "channels": {
    "ch1": 55874.23331567486,
    "ch2": 33706.300847265105,
    "ch3": 61601.477927172986,
    "ch4": 50627.53122020962
  },
  "coincidences": {}
}