{
  "timestamp": "2026-04-24T11:13:54.400120Z",
  "channels": {
    "ch1": 71574.45877539381,
    "ch2": 35300.73635271685,
    "ch3": 54133.529962422894,
    "ch4": 79237.26441508619
  },
  "coincidences": {}
}