{
  "timestamp": "2026-04-24T11:02:44.980294Z",
  "channels": {
    "ch1": 18146.517099817243,
    "ch2": 17433.365847041707,
    "ch3": 17850.032178544338,
    "ch4": 66443.43546953375
  },
  "coincidences": {}
}