{
  "timestamp": "2026-04-24T11:13:43.304303Z",
  "channels": {
    "ch1": 57534.65977446065,
    "ch2": 66947.22890238138,
    "ch3": 96386.21336869696,
    "ch4": 45247.193602676205
  },
  "coincidences": {}
}