{
  "timestamp": "2026-04-24T10:48:07.606792Z",
  "channels": {
    "ch1": 49474.66757876376,
    "ch2": 81919.17854437343,
    "ch3": 88035.97289625954,
    "ch4": 30091.90669998395
  },
  "coincidences": {}
}