{
  "timestamp": "2026-04-24T10:47:45.237982Z",
  "channels": {
    "ch1": 91171.84993308721,
    "ch2": 23058.278560033083,
    "ch3": 17396.68815720735,
    "ch4": 39982.19940130052
  },
  "coincidences": {}
}