{
  "timestamp": "2026-04-24T11:06:59.882267Z",
  "channels": {
    "ch1": 85905.32079977606,
    "ch2": 99837.45135751135,
    "ch3": 52468.45401308488,
    "ch4": 34719.2148191725
  },
  "coincidences": {}
}