{
  "timestamp": "2026-04-24T11:01:38.235254Z",
  "channels": {
    "ch1": 95918.76582008445,
    "ch2": 89947.22856844832,
    "ch3": 55239.740596917916,
    "ch4": 32813.576289546974
  },
  "coincidences": {}
}