{
  "timestamp": "2026-04-24T11:02:00.476332Z",
  "channels": {
    "ch1": 80470.67098037436,
    "ch2": 45202.55579994852,
    "ch3": 29072.32877342454,
    "ch4": 50867.99433454314
  },
  "coincidences": {}
}