{
  "timestamp": "2026-04-24T10:48:41.094120Z",
  "channels": {
    "ch1": 15039.421013279038,
    "ch2": 79496.32965948973,
    "ch3": 62608.71773523687,
    "ch4": 10641.07437852858
  },
  "coincidences": {}
}