{
  "timestamp": "2026-04-24T10:49:25.522937Z",
  "channels": {
    "ch1": 38811.24379967114,
    "ch2": 53279.486543685125,
    "ch3": 98257.21655454974,
    "ch4": 67492.3363596311
  },
  "coincidences": {}
}