{
  "timestamp": "2026-04-24T10:48:18.790211Z",
  "channels": {
    "ch1": 24972.154410215837,
    "ch2": 61365.12781261647,
    "ch3": 94125.73910703104,
    "ch4": 29760.633816753227
  },
  "coincidences": {}
}