{
  "timestamp": "2026-04-24T10:49:58.961780Z",
  "channels": {
    "ch1": 36146.97757896254,
    "ch2": 34090.80391315032,
    "ch3": 76569.56034082921,
    "ch4": 83426.71569175183
  },
  "coincidences": {}
}