{
  "timestamp": "2026-04-24T10:47:56.338439Z",
  "channels": {
    "ch1": 49504.358414376926,
    "ch2": 99543.71059836599,
    "ch3": 56687.86092456668,
    "ch4": 29216.69618240911
  },
  "coincidences": {}
}