{
  "timestamp": "2026-04-24T11:02:22.675851Z",
  "channels": {
    "ch1": 54213.9974154359,
    "ch2": 48457.30042491754,
    "ch3": 78112.99248497217,
    "ch4": 90495.47661186829
  },
  "coincidences": {}
}