{
  "timestamp": "2026-04-24T10:48:29.843514Z",
  "channels": {
    "ch1": 91932.19956186472,
    "ch2": 88619.83657457578,
    "ch3": 99347.05178752333,
    "ch4": 23678.786831021916
  },
  "coincidences": {}
}