{
  "timestamp": "2026-04-24T11:01:16.056131Z",
  "channels": {
    "ch1": 32615.9566437027,
    "ch2": 77811.65208577222,
    "ch3": 51578.47840202391,
    "ch4": 34315.27952263894
  },
  "coincidences": {}
}