{
  "timestamp": "2026-04-24T11:00:53.809257Z",
  "channels": {
    "ch1": 10570.989717421435,
    "ch2": 90370.74111843575,
    "ch3": 90023.43088580307,
    "ch4": 38839.88701999816
  },
  "coincidences": {}
}