{
  "timestamp": "2026-04-24T10:49:03.342418Z",
  "channels": {
    "ch1": 18773.73398871036,
    "ch2": 74764.69097795562,
    "ch3": 41179.25508571674,
    "ch4": 91019.46624629328
  },
  "coincidences": {}
}