{
  "timestamp": "2026-04-24T11:13:32.142292Z",
  "channels": {
    "ch1": 64475.74143979229,
    "ch2": 43264.03707273317,
    "ch3": 69262.23423930671,
    "ch4": 19979.3277910757
  },
  "coincidences": {}
}