{
  "timestamp": "2026-04-24T11:01:27.158979Z",
  "channels": {
    "ch1": 25083.57938399452,
    "ch2": 72042.33775783092,
    "ch3": 23321.685505976973,
    "ch4": 39845.38767275272
  },
  "coincidences": {}
}