{
  "timestamp": "2026-04-24T11:00:42.651001Z",
  "channels": {
    "ch1": 53813.826962889936,
    "ch2": 30036.895437198036,
    "ch3": 70728.01709163978,
    "ch4": 75343.71255032829
  },
  "coincidences": {}
}