{
  "timestamp": "2026-04-24T11:06:48.752866Z",
  "channels": {
    "ch1": 79730.09647764981,
    "ch2": 47492.99769548515,
    "ch3": 83060.22566572753,
    "ch4": 45453.34628342832
  },
  "coincidences": {}
}