{
  "timestamp": "2026-04-24T11:01:04.894956Z",
  "channels": {
    "ch1": 13215.440475642019,
    "ch2": 98893.35803820012,
    "ch3": 81827.91478286975,
    "ch4": 57119.43135171088
  },
  "coincidences": {}
}