{
  "timestamp": "2026-04-24T10:49:47.770049Z",
  "channels": {
    "ch1": 45279.644682868784,
    "ch2": 30922.810671131087,
    "ch3": 60471.03553693753,
    "ch4": 11312.295287511204
  },
  "coincidences": {}
}