{
  "timestamp": "2026-04-24T10:48:52.282201Z",
  "channels": {
    "ch1": 99295.32822000144,
    "ch2": 38203.43436379406,
    "ch3": 41806.100666687154,
    "ch4": 99422.58849523544
  },
  "coincidences": {}
}