{
  "timestamp": "2026-04-24T10:47:34.108571Z",
  "channels": {
    "ch1": 22366.768314847868,
    "ch2": 63348.40646110004,
    "ch3": 36713.85463004725,
    "ch4": 95845.4559684685
  },
  "coincidences": {}
}