{
  "timestamp": "2026-04-24T10:49:14.403299Z",
  "channels": {
    "ch1": 21291.246658686734,
    "ch2": 71085.67524158288,
    "ch3": 60397.174658432436,
    "ch4": 32862.760585161115
  },
  "coincidences": {}
}