{
  "timestamp": "2026-04-24T11:13:21.047389Z",
  "channels": {
    "ch1": 86982.22520120043,
    "ch2": 49328.444137752434,
    "ch3": 87374.27529918341,
    "ch4": 73312.83095963448
  },
  "coincidences": {}
}