{
  "timestamp": "2026-04-24T11:02:33.808520Z",
  "channels": {
    "ch1": 12106.424047219527,
    "ch2": 44315.52260931947,
    "ch3": 23323.857808288034,
    "ch4": 83748.82659780172
  },
  "coincidences": {}
}